{
  "numeric": {
    "order_id": {
      "mean": 1004.5,
      "min": 1001.0,
      "max": 1008.0,
      "std": 2.449489742783178,
      "trend": "flat",
      "outliers": []
    },
    "quantity": {
      "mean": 1.5,
      "min": 1.0,
      "max": 3.0,
      "std": 0.7559289460184544,
      "trend": "up",
      "outliers": []
    },
    "unit_price": {
      "mean": 19125.0,
      "min": 1500.0,
      "max": 60000.0,
      "std": 25591.2233839204,
      "trend": "flat",
      "outliers": [
        60000,
        60000
      ]
    },
    "discount": {
      "mean": 0.0475,
      "min": 0.0,
      "max": 0.1,
      "std": 0.04367084676466507,
      "trend": "down",
      "outliers": []
    },
    "total_amount": {
      "mean": 18900.0,
      "min": 2700.0,
      "max": 57000.0,
      "std": 23231.81316335733,
      "trend": "flat",
      "outliers": [
        57000,
        55200
      ]
    }
  },
  "categorical": {
    "order_date": {
      "unique_count": 8,
      "top_values": {
        "1/1/2024": 1,
        "1/2/2024": 1,
        "1/3/2024": 1,
        "1/4/2024": 1,
        "1/5/2024": 1
      }
    },
    "customer_id": {
      "unique_count": 5,
      "top_values": {
        "C001": 3,
        "C002": 2,
        "C003": 1,
        "C004": 1,
        "C005": 1
      }
    },
    "product_name": {
      "unique_count": 4,
      "top_values": {
        "Laptop": 2,
        "Mouse": 2,
        "Keyboard": 2,
        "Monitor": 2
      }
    }
  },
  "missing": {}
}